time_s,target_w,rpm,dc_link_voltage_v,bus_voltage_v,charge_current_a,rectifier_temp_c,buck_temp_c,exhaust_zone_temp_c,throttle_request
0,0.0,3000.0,35.0,27.2,0.0,30.0,32.0,45.0,0.0
1,0.0,3000.0,35.0,27.2,0.0,30.0,32.0,45.0,0.0
2,0.0,3000.0,35.0,27.2,0.0,30.0,32.0,45.0,0.0
3,0.0,3000.0,35.0,27.2,0.0,30.0,32.0,45.0,0.0
4,0.0,3000.0,35.0,27.2,0.0,30.0,32.0,45.0,0.0
5,0.0,3000.0,35.0,27.2,0.0,30.0,32.0,45.0,0.0
6,0.0,3000.0,35.0,27.2,0.0,30.0,32.0,45.0,0.0
7,0.0,3000.0,35.0,27.2,0.0,30.0,32.0,45.0,0.0
8,0.0,3000.0,35.0,27.2,0.0,30.0,32.0,45.0,0.0
9,0.0,3000.0,35.0,27.2,0.0,30.0,32.0,45.0,0.0
10,0.0,3000.0,35.0,27.2,0.0,30.0,32.0,45.0,0.0
11,0.0,3000.0,35.0,27.2,0.0,30.0,32.0,45.0,0.0
12,0.0,3000.0,35.0,27.2,0.0,30.0,32.0,45.0,0.0
13,0.0,3000.0,35.0,27.2,0.0,30.0,32.0,45.0,0.0
14,0.0,3000.0,35.0,27.2,0.0,30.0,32.0,45.0,0.0
15,0.0,3000.0,35.0,27.2,0.0,30.0,32.0,45.0,0.0
16,0.0,3000.0,35.0,27.2,0.0,30.0,32.0,45.0,0.0
17,0.0,3000.0,35.0,27.2,0.0,30.0,32.0,45.0,0.0
18,0.0,3000.0,35.0,27.2,0.0,30.0,32.0,45.0,0.0
19,0.0,3000.0,35.0,27.2,0.0,30.0,32.0,45.0,0.0
20,0.0,3000.0,35.0,27.2,0.0,30.0,32.0,45.0,0.0
21,0.0,3000.0,35.0,27.2,0.0,30.0,32.0,45.0,0.0
22,0.0,3000.0,35.0,27.2,0.0,30.0,32.0,45.0,0.0
23,0.0,3000.0,35.0,27.2,0.0,30.0,32.0,45.0,0.0
24,0.0,3000.0,35.0,27.2,0.0,30.0,32.0,45.0,0.0
25,0.0,3000.0,35.0,27.2,0.0,30.0,32.0,45.0,0.0
26,0.0,3000.0,35.0,27.2,0.0,30.0,32.0,45.0,0.0
27,0.0,3000.0,35.0,27.2,0.0,30.0,32.0,45.0,0.0
28,0.0,3000.0,35.0,27.2,0.0,30.0,32.0,45.0,0.0
29,0.0,3000.0,35.0,27.2,0.0,30.0,32.0,45.0,0.0
30,0.0,3000.0,35.0,27.2,0.0,30.0,32.0,45.0,0.0
31,0.0,3000.0,35.0,27.2,0.0,30.0,32.0,45.0,0.0
32,0.0,3000.0,35.0,27.2,0.0,30.0,32.0,45.0,0.0
33,0.0,3000.0,35.0,27.2,0.0,30.0,32.0,45.0,0.0
34,0.0,3000.0,35.0,27.2,0.0,30.0,32.0,45.0,0.0
35,0.0,3000.0,35.0,27.2,0.0,30.0,32.0,45.0,0.0
36,0.0,3000.0,35.0,27.2,0.0,30.0,32.0,45.0,0.0
37,0.0,3000.0,35.0,27.2,0.0,30.0,32.0,45.0,0.0
38,0.0,3000.0,35.0,27.2,0.0,30.0,32.0,45.0,0.0
39,0.0,3000.0,35.0,27.2,0.0,30.0,32.0,45.0,0.0
40,0.0,3000.0,35.0,27.2,0.0,30.0,32.0,45.0,0.0
41,0.0,3000.0,35.0,27.2,0.0,30.0,32.0,45.0,0.0
42,0.0,3000.0,35.0,27.2,0.0,30.0,32.0,45.0,0.0
43,0.0,3000.0,35.0,27.2,0.0,30.0,32.0,45.0,0.0
44,0.0,3000.0,35.0,27.2,0.0,30.0,32.0,45.0,0.0
45,0.0,3000.0,35.0,27.2,0.0,30.0,32.0,45.0,0.0
46,0.0,3000.0,35.0,27.2,0.0,30.0,32.0,45.0,0.0
47,0.0,3000.0,35.0,27.2,0.0,30.0,32.0,45.0,0.0
48,0.0,3000.0,35.0,27.2,0.0,30.0,32.0,45.0,0.0
49,0.0,3000.0,35.0,27.2,0.0,30.0,32.0,45.0,0.0
50,0.0,3000.0,35.0,27.2,0.0,30.0,32.0,45.0,0.0
51,0.0,3000.0,35.0,27.2,0.0,30.0,32.0,45.0,0.0
52,0.0,3000.0,35.0,27.2,0.0,30.0,32.0,45.0,0.0
53,0.0,3000.0,35.0,27.2,0.0,30.0,32.0,45.0,0.0
54,0.0,3000.0,35.0,27.2,0.0,30.0,32.0,45.0,0.0
55,0.0,3000.0,35.0,27.2,0.0,30.0,32.0,45.0,0.0
56,0.0,3000.0,35.0,27.2,0.0,30.0,32.0,45.0,0.0
57,0.0,3000.0,35.0,27.2,0.0,30.0,32.0,45.0,0.0
58,0.0,3000.0,35.0,27.2,0.0,30.0,32.0,45.0,0.0
59,0.0,3000.0,35.0,27.2,0.0,30.0,32.0,45.0,0.0
60,100.0,4610.0,44.5,27.4,3.6496350364963503,33.607658606824124,36.840077952860575,59.11150721130932,0.14285714285714285
61,100.0,4610.0,44.5,27.4,3.6496350364963503,33.607658606824124,36.840077952860575,59.11150721130932,0.14285714285714285
62,100.0,4610.0,44.5,27.4,3.6496350364963503,33.607658606824124,36.840077952860575,59.11150721130932,0.14285714285714285
63,100.0,4610.0,44.5,27.4,3.6496350364963503,33.607658606824124,36.840077952860575,59.11150721130932,0.14285714285714285
64,100.0,4610.0,44.5,27.4,3.6496350364963503,33.607658606824124,36.840077952860575,59.11150721130932,0.14285714285714285
65,100.0,4610.0,44.5,27.4,3.6496350364963503,33.607658606824124,36.840077952860575,59.11150721130932,0.14285714285714285
66,100.0,4610.0,44.5,27.4,3.6496350364963503,33.607658606824124,36.840077952860575,59.11150721130932,0.14285714285714285
67,100.0,4610.0,44.5,27.4,3.6496350364963503,33.607658606824124,36.840077952860575,59.11150721130932,0.14285714285714285
68,100.0,4610.0,44.5,27.4,3.6496350364963503,33.607658606824124,36.840077952860575,59.11150721130932,0.14285714285714285
69,100.0,4610.0,44.5,27.4,3.6496350364963503,33.607658606824124,36.840077952860575,59.11150721130932,0.14285714285714285
70,100.0,4610.0,44.5,27.4,3.6496350364963503,33.607658606824124,36.840077952860575,59.11150721130932,0.14285714285714285
71,100.0,4610.0,44.5,27.4,3.6496350364963503,33.607658606824124,36.840077952860575,59.11150721130932,0.14285714285714285
72,100.0,4610.0,44.5,27.4,3.6496350364963503,33.607658606824124,36.840077952860575,59.11150721130932,0.14285714285714285
73,100.0,4610.0,44.5,27.4,3.6496350364963503,33.607658606824124,36.840077952860575,59.11150721130932,0.14285714285714285
74,100.0,4610.0,44.5,27.4,3.6496350364963503,33.607658606824124,36.840077952860575,59.11150721130932,0.14285714285714285
75,100.0,4610.0,44.5,27.4,3.6496350364963503,33.607658606824124,36.840077952860575,59.11150721130932,0.14285714285714285
76,100.0,4610.0,44.5,27.4,3.6496350364963503,33.607658606824124,36.840077952860575,59.11150721130932,0.14285714285714285
77,100.0,4610.0,44.5,27.4,3.6496350364963503,33.607658606824124,36.840077952860575,59.11150721130932,0.14285714285714285
78,100.0,4610.0,44.5,27.4,3.6496350364963503,33.607658606824124,36.840077952860575,59.11150721130932,0.14285714285714285
79,100.0,4610.0,44.5,27.4,3.6496350364963503,33.607658606824124,36.840077952860575,59.11150721130932,0.14285714285714285
80,100.0,4610.0,44.5,27.4,3.6496350364963503,33.607658606824124,36.840077952860575,59.11150721130932,0.14285714285714285
81,100.0,4610.0,44.5,27.4,3.6496350364963503,33.607658606824124,36.840077952860575,59.11150721130932,0.14285714285714285
82,100.0,4610.0,44.5,27.4,3.6496350364963503,33.607658606824124,36.840077952860575,59.11150721130932,0.14285714285714285
83,100.0,4610.0,44.5,27.4,3.6496350364963503,33.607658606824124,36.840077952860575,59.11150721130932,0.14285714285714285
84,100.0,4610.0,44.5,27.4,3.6496350364963503,33.607658606824124,36.840077952860575,59.11150721130932,0.14285714285714285
85,100.0,4610.0,44.5,27.4,3.6496350364963503,33.607658606824124,36.840077952860575,59.11150721130932,0.14285714285714285
86,100.0,4610.0,44.5,27.4,3.6496350364963503,33.607658606824124,36.840077952860575,59.11150721130932,0.14285714285714285
87,100.0,4610.0,44.5,27.4,3.6496350364963503,33.607658606824124,36.840077952860575,59.11150721130932,0.14285714285714285
88,100.0,4610.0,44.5,27.4,3.6496350364963503,33.607658606824124,36.840077952860575,59.11150721130932,0.14285714285714285
89,100.0,4610.0,44.5,27.4,3.6496350364963503,33.607658606824124,36.840077952860575,59.11150721130932,0.14285714285714285
90,100.0,4610.0,44.5,27.4,3.6496350364963503,33.607658606824124,36.840077952860575,59.11150721130932,0.14285714285714285
91,100.0,4610.0,44.5,27.4,3.6496350364963503,33.607658606824124,36.840077952860575,59.11150721130932,0.14285714285714285
92,100.0,4610.0,44.5,27.4,3.6496350364963503,33.607658606824124,36.840077952860575,59.11150721130932,0.14285714285714285
93,100.0,4610.0,44.5,27.4,3.6496350364963503,33.607658606824124,36.840077952860575,59.11150721130932,0.14285714285714285
94,100.0,4610.0,44.5,27.4,3.6496350364963503,33.607658606824124,36.840077952860575,59.11150721130932,0.14285714285714285
95,100.0,4610.0,44.5,27.4,3.6496350364963503,33.607658606824124,36.840077952860575,59.11150721130932,0.14285714285714285
96,100.0,4610.0,44.5,27.4,3.6496350364963503,33.607658606824124,36.840077952860575,59.11150721130932,0.14285714285714285
97,100.0,4610.0,44.5,27.4,3.6496350364963503,33.607658606824124,36.840077952860575,59.11150721130932,0.14285714285714285
98,100.0,4610.0,44.5,27.4,3.6496350364963503,33.607658606824124,36.840077952860575,59.11150721130932,0.14285714285714285
99,100.0,4610.0,44.5,27.4,3.6496350364963503,33.607658606824124,36.840077952860575,59.11150721130932,0.14285714285714285
100,100.0,4610.0,44.5,27.4,3.6496350364963503,33.607658606824124,36.840077952860575,59.11150721130932,0.14285714285714285
101,100.0,4610.0,44.5,27.4,3.6496350364963503,33.607658606824124,36.840077952860575,59.11150721130932,0.14285714285714285
102,100.0,4610.0,44.5,27.4,3.6496350364963503,33.607658606824124,36.840077952860575,59.11150721130932,0.14285714285714285
103,100.0,4610.0,44.5,27.4,3.6496350364963503,33.607658606824124,36.840077952860575,59.11150721130932,0.14285714285714285
104,100.0,4610.0,44.5,27.4,3.6496350364963503,33.607658606824124,36.840077952860575,59.11150721130932,0.14285714285714285
105,100.0,4610.0,44.5,27.4,3.6496350364963503,33.607658606824124,36.840077952860575,59.11150721130932,0.14285714285714285
106,100.0,4610.0,44.5,27.4,3.6496350364963503,33.607658606824124,36.840077952860575,59.11150721130932,0.14285714285714285
107,100.0,4610.0,44.5,27.4,3.6496350364963503,33.607658606824124,36.840077952860575,59.11150721130932,0.14285714285714285
108,100.0,4610.0,44.5,27.4,3.6496350364963503,33.607658606824124,36.840077952860575,59.11150721130932,0.14285714285714285
109,100.0,4610.0,44.5,27.4,3.6496350364963503,33.607658606824124,36.840077952860575,59.11150721130932,0.14285714285714285
110,100.0,4610.0,44.5,27.4,3.6496350364963503,33.607658606824124,36.840077952860575,59.11150721130932,0.14285714285714285
111,100.0,4610.0,44.5,27.4,3.6496350364963503,33.607658606824124,36.840077952860575,59.11150721130932,0.14285714285714285
112,100.0,4610.0,44.5,27.4,3.6496350364963503,33.607658606824124,36.840077952860575,59.11150721130932,0.14285714285714285
113,100.0,4610.0,44.5,27.4,3.6496350364963503,33.607658606824124,36.840077952860575,59.11150721130932,0.14285714285714285
114,100.0,4610.0,44.5,27.4,3.6496350364963503,33.607658606824124,36.840077952860575,59.11150721130932,0.14285714285714285
115,100.0,4610.0,44.5,27.4,3.6496350364963503,33.607658606824124,36.840077952860575,59.11150721130932,0.14285714285714285
116,100.0,4610.0,44.5,27.4,3.6496350364963503,33.607658606824124,36.840077952860575,59.11150721130932,0.14285714285714285
117,100.0,4610.0,44.5,27.4,3.6496350364963503,33.607658606824124,36.840077952860575,59.11150721130932,0.14285714285714285
118,100.0,4610.0,44.5,27.4,3.6496350364963503,33.607658606824124,36.840077952860575,59.11150721130932,0.14285714285714285
119,100.0,4610.0,44.5,27.4,3.6496350364963503,33.607658606824124,36.840077952860575,59.11150721130932,0.14285714285714285
120,100.0,4610.0,44.5,27.4,3.6496350364963503,33.607658606824124,36.840077952860575,59.11150721130932,0.14285714285714285
121,100.0,4610.0,44.5,27.4,3.6496350364963503,33.607658606824124,36.840077952860575,59.11150721130932,0.14285714285714285
122,100.0,4610.0,44.5,27.4,3.6496350364963503,33.607658606824124,36.840077952860575,59.11150721130932,0.14285714285714285
123,100.0,4610.0,44.5,27.4,3.6496350364963503,33.607658606824124,36.840077952860575,59.11150721130932,0.14285714285714285
124,100.0,4610.0,44.5,27.4,3.6496350364963503,33.607658606824124,36.840077952860575,59.11150721130932,0.14285714285714285
125,100.0,4610.0,44.5,27.4,3.6496350364963503,33.607658606824124,36.840077952860575,59.11150721130932,0.14285714285714285
126,100.0,4610.0,44.5,27.4,3.6496350364963503,33.607658606824124,36.840077952860575,59.11150721130932,0.14285714285714285
127,100.0,4610.0,44.5,27.4,3.6496350364963503,33.607658606824124,36.840077952860575,59.11150721130932,0.14285714285714285
128,100.0,4610.0,44.5,27.4,3.6496350364963503,33.607658606824124,36.840077952860575,59.11150721130932,0.14285714285714285
129,100.0,4610.0,44.5,27.4,3.6496350364963503,33.607658606824124,36.840077952860575,59.11150721130932,0.14285714285714285
130,100.0,4610.0,44.5,27.4,3.6496350364963503,33.607658606824124,36.840077952860575,59.11150721130932,0.14285714285714285
131,100.0,4610.0,44.5,27.4,3.6496350364963503,33.607658606824124,36.840077952860575,59.11150721130932,0.14285714285714285
132,100.0,4610.0,44.5,27.4,3.6496350364963503,33.607658606824124,36.840077952860575,59.11150721130932,0.14285714285714285
133,100.0,4610.0,44.5,27.4,3.6496350364963503,33.607658606824124,36.840077952860575,59.11150721130932,0.14285714285714285
134,100.0,4610.0,44.5,27.4,3.6496350364963503,33.607658606824124,36.840077952860575,59.11150721130932,0.14285714285714285
135,100.0,4610.0,44.5,27.4,3.6496350364963503,33.607658606824124,36.840077952860575,59.11150721130932,0.14285714285714285
136,100.0,4610.0,44.5,27.4,3.6496350364963503,33.607658606824124,36.840077952860575,59.11150721130932,0.14285714285714285
137,100.0,4610.0,44.5,27.4,3.6496350364963503,33.607658606824124,36.840077952860575,59.11150721130932,0.14285714285714285
138,100.0,4610.0,44.5,27.4,3.6496350364963503,33.607658606824124,36.840077952860575,59.11150721130932,0.14285714285714285
139,100.0,4610.0,44.5,27.4,3.6496350364963503,33.607658606824124,36.840077952860575,59.11150721130932,0.14285714285714285
140,100.0,4610.0,44.5,27.4,3.6496350364963503,33.607658606824124,36.840077952860575,59.11150721130932,0.14285714285714285
141,100.0,4610.0,44.5,27.4,3.6496350364963503,33.607658606824124,36.840077952860575,59.11150721130932,0.14285714285714285
142,100.0,4610.0,44.5,27.4,3.6496350364963503,33.607658606824124,36.840077952860575,59.11150721130932,0.14285714285714285
143,100.0,4610.0,44.5,27.4,3.6496350364963503,33.607658606824124,36.840077952860575,59.11150721130932,0.14285714285714285
144,100.0,4610.0,44.5,27.4,3.6496350364963503,33.607658606824124,36.840077952860575,59.11150721130932,0.14285714285714285
145,100.0,4610.0,44.5,27.4,3.6496350364963503,33.607658606824124,36.840077952860575,59.11150721130932,0.14285714285714285
146,100.0,4610.0,44.5,27.4,3.6496350364963503,33.607658606824124,36.840077952860575,59.11150721130932,0.14285714285714285
147,100.0,4610.0,44.5,27.4,3.6496350364963503,33.607658606824124,36.840077952860575,59.11150721130932,0.14285714285714285
148,100.0,4610.0,44.5,27.4,3.6496350364963503,33.607658606824124,36.840077952860575,59.11150721130932,0.14285714285714285
149,100.0,4610.0,44.5,27.4,3.6496350364963503,33.607658606824124,36.840077952860575,59.11150721130932,0.14285714285714285
150,100.0,4610.0,44.5,27.4,3.6496350364963503,33.607658606824124,36.840077952860575,59.11150721130932,0.14285714285714285
151,100.0,4610.0,44.5,27.4,3.6496350364963503,33.607658606824124,36.840077952860575,59.11150721130932,0.14285714285714285
152,100.0,4610.0,44.5,27.4,3.6496350364963503,33.607658606824124,36.840077952860575,59.11150721130932,0.14285714285714285
153,100.0,4610.0,44.5,27.4,3.6496350364963503,33.607658606824124,36.840077952860575,59.11150721130932,0.14285714285714285
154,100.0,4610.0,44.5,27.4,3.6496350364963503,33.607658606824124,36.840077952860575,59.11150721130932,0.14285714285714285
155,100.0,4610.0,44.5,27.4,3.6496350364963503,33.607658606824124,36.840077952860575,59.11150721130932,0.14285714285714285
156,100.0,4610.0,44.5,27.4,3.6496350364963503,33.607658606824124,36.840077952860575,59.11150721130932,0.14285714285714285
157,100.0,4610.0,44.5,27.4,3.6496350364963503,33.607658606824124,36.840077952860575,59.11150721130932,0.14285714285714285
158,100.0,4610.0,44.5,27.4,3.6496350364963503,33.607658606824124,36.840077952860575,59.11150721130932,0.14285714285714285
159,100.0,4610.0,44.5,27.4,3.6496350364963503,33.607658606824124,36.840077952860575,59.11150721130932,0.14285714285714285
160,100.0,4610.0,44.5,27.4,3.6496350364963503,33.607658606824124,36.840077952860575,59.11150721130932,0.14285714285714285
161,100.0,4610.0,44.5,27.4,3.6496350364963503,33.607658606824124,36.840077952860575,59.11150721130932,0.14285714285714285
162,100.0,4610.0,44.5,27.4,3.6496350364963503,33.607658606824124,36.840077952860575,59.11150721130932,0.14285714285714285
163,100.0,4610.0,44.5,27.4,3.6496350364963503,33.607658606824124,36.840077952860575,59.11150721130932,0.14285714285714285
164,100.0,4610.0,44.5,27.4,3.6496350364963503,33.607658606824124,36.840077952860575,59.11150721130932,0.14285714285714285
165,100.0,4610.0,44.5,27.4,3.6496350364963503,33.607658606824124,36.840077952860575,59.11150721130932,0.14285714285714285
166,100.0,4610.0,44.5,27.4,3.6496350364963503,33.607658606824124,36.840077952860575,59.11150721130932,0.14285714285714285
167,100.0,4610.0,44.5,27.4,3.6496350364963503,33.607658606824124,36.840077952860575,59.11150721130932,0.14285714285714285
168,100.0,4610.0,44.5,27.4,3.6496350364963503,33.607658606824124,36.840077952860575,59.11150721130932,0.14285714285714285
169,100.0,4610.0,44.5,27.4,3.6496350364963503,33.607658606824124,36.840077952860575,59.11150721130932,0.14285714285714285
170,100.0,4610.0,44.5,27.4,3.6496350364963503,33.607658606824124,36.840077952860575,59.11150721130932,0.14285714285714285
171,100.0,4610.0,44.5,27.4,3.6496350364963503,33.607658606824124,36.840077952860575,59.11150721130932,0.14285714285714285
172,100.0,4610.0,44.5,27.4,3.6496350364963503,33.607658606824124,36.840077952860575,59.11150721130932,0.14285714285714285
173,100.0,4610.0,44.5,27.4,3.6496350364963503,33.607658606824124,36.840077952860575,59.11150721130932,0.14285714285714285
174,100.0,4610.0,44.5,27.4,3.6496350364963503,33.607658606824124,36.840077952860575,59.11150721130932,0.14285714285714285
175,100.0,4610.0,44.5,27.4,3.6496350364963503,33.607658606824124,36.840077952860575,59.11150721130932,0.14285714285714285
176,100.0,4610.0,44.5,27.4,3.6496350364963503,33.607658606824124,36.840077952860575,59.11150721130932,0.14285714285714285
177,100.0,4610.0,44.5,27.4,3.6496350364963503,33.607658606824124,36.840077952860575,59.11150721130932,0.14285714285714285
178,100.0,4610.0,44.5,27.4,3.6496350364963503,33.607658606824124,36.840077952860575,59.11150721130932,0.14285714285714285
179,100.0,4610.0,44.5,27.4,3.6496350364963503,33.607658606824124,36.840077952860575,59.11150721130932,0.14285714285714285
180,300.0,5230.0,49.5,27.8,10.79136690647482,46.795587123593016,50.08830456808808,92.2505406572667,0.42857142857142855
181,300.0,5230.0,49.5,27.8,10.79136690647482,46.795587123593016,50.08830456808808,92.2505406572667,0.42857142857142855
182,300.0,5230.0,49.5,27.8,10.79136690647482,46.795587123593016,50.08830456808808,92.2505406572667,0.42857142857142855
183,300.0,5230.0,49.5,27.8,10.79136690647482,46.795587123593016,50.08830456808808,92.2505406572667,0.42857142857142855
184,300.0,5230.0,49.5,27.8,10.79136690647482,46.795587123593016,50.08830456808808,92.2505406572667,0.42857142857142855
185,300.0,5230.0,49.5,27.8,10.79136690647482,46.795587123593016,50.08830456808808,92.2505406572667,0.42857142857142855
186,300.0,5230.0,49.5,27.8,10.79136690647482,46.795587123593016,50.08830456808808,92.2505406572667,0.42857142857142855
187,300.0,5230.0,49.5,27.8,10.79136690647482,46.795587123593016,50.08830456808808,92.2505406572667,0.42857142857142855
188,300.0,5230.0,49.5,27.8,10.79136690647482,46.795587123593016,50.08830456808808,92.2505406572667,0.42857142857142855
189,300.0,5230.0,49.5,27.8,10.79136690647482,46.795587123593016,50.08830456808808,92.2505406572667,0.42857142857142855
190,300.0,5230.0,49.5,27.8,10.79136690647482,46.795587123593016,50.08830456808808,92.2505406572667,0.42857142857142855
191,300.0,5230.0,49.5,27.8,10.79136690647482,46.795587123593016,50.08830456808808,92.2505406572667,0.42857142857142855
192,300.0,5230.0,49.5,27.8,10.79136690647482,46.795587123593016,50.08830456808808,92.2505406572667,0.42857142857142855
193,300.0,5230.0,49.5,27.8,10.79136690647482,46.795587123593016,50.08830456808808,92.2505406572667,0.42857142857142855
194,300.0,5230.0,49.5,27.8,10.79136690647482,46.795587123593016,50.08830456808808,92.2505406572667,0.42857142857142855
195,300.0,5230.0,49.5,27.8,10.79136690647482,46.795587123593016,50.08830456808808,92.2505406572667,0.42857142857142855
196,300.0,5230.0,49.5,27.8,10.79136690647482,46.795587123593016,50.08830456808808,92.2505406572667,0.42857142857142855
197,300.0,5230.0,49.5,27.8,10.79136690647482,46.795587123593016,50.08830456808808,92.2505406572667,0.42857142857142855
198,300.0,5230.0,49.5,27.8,10.79136690647482,46.795587123593016,50.08830456808808,92.2505406572667,0.42857142857142855
199,300.0,5230.0,49.5,27.8,10.79136690647482,46.795587123593016,50.08830456808808,92.2505406572667,0.42857142857142855
200,300.0,5230.0,49.5,27.8,10.79136690647482,46.795587123593016,50.08830456808808,92.2505406572667,0.42857142857142855
201,300.0,5230.0,49.5,27.8,10.79136690647482,46.795587123593016,50.08830456808808,92.2505406572667,0.42857142857142855
202,300.0,5230.0,49.5,27.8,10.79136690647482,46.795587123593016,50.08830456808808,92.2505406572667,0.42857142857142855
203,300.0,5230.0,49.5,27.8,10.79136690647482,46.795587123593016,50.08830456808808,92.2505406572667,0.42857142857142855
204,300.0,5230.0,49.5,27.8,10.79136690647482,46.795587123593016,50.08830456808808,92.2505406572667,0.42857142857142855
205,300.0,5230.0,49.5,27.8,10.79136690647482,46.795587123593016,50.08830456808808,92.2505406572667,0.42857142857142855
206,300.0,5230.0,49.5,27.8,10.79136690647482,46.795587123593016,50.08830456808808,92.2505406572667,0.42857142857142855
207,300.0,5230.0,49.5,27.8,10.79136690647482,46.795587123593016,50.08830456808808,92.2505406572667,0.42857142857142855
208,300.0,5230.0,49.5,27.8,10.79136690647482,46.795587123593016,50.08830456808808,92.2505406572667,0.42857142857142855
209,300.0,5230.0,49.5,27.8,10.79136690647482,46.795587123593016,50.08830456808808,92.2505406572667,0.42857142857142855
210,300.0,5230.0,49.5,27.8,10.79136690647482,46.795587123593016,50.08830456808808,92.2505406572667,0.42857142857142855
211,300.0,5230.0,49.5,27.8,10.79136690647482,46.795587123593016,50.08830456808808,92.2505406572667,0.42857142857142855
212,300.0,5230.0,49.5,27.8,10.79136690647482,46.795587123593016,50.08830456808808,92.2505406572667,0.42857142857142855
213,300.0,5230.0,49.5,27.8,10.79136690647482,46.795587123593016,50.08830456808808,92.2505406572667,0.42857142857142855
214,300.0,5230.0,49.5,27.8,10.79136690647482,46.795587123593016,50.08830456808808,92.2505406572667,0.42857142857142855
215,300.0,5230.0,49.5,27.8,10.79136690647482,46.795587123593016,50.08830456808808,92.2505406572667,0.42857142857142855
216,300.0,5230.0,49.5,27.8,10.79136690647482,46.795587123593016,50.08830456808808,92.2505406572667,0.42857142857142855
217,300.0,5230.0,49.5,27.8,10.79136690647482,46.795587123593016,50.08830456808808,92.2505406572667,0.42857142857142855
218,300.0,5230.0,49.5,27.8,10.79136690647482,46.795587123593016,50.08830456808808,92.2505406572667,0.42857142857142855
219,300.0,5230.0,49.5,27.8,10.79136690647482,46.795587123593016,50.08830456808808,92.2505406572667,0.42857142857142855
220,300.0,5230.0,49.5,27.8,10.79136690647482,46.795587123593016,50.08830456808808,92.2505406572667,0.42857142857142855
221,300.0,5230.0,49.5,27.8,10.79136690647482,46.795587123593016,50.08830456808808,92.2505406572667,0.42857142857142855
222,300.0,5230.0,49.5,27.8,10.79136690647482,46.795587123593016,50.08830456808808,92.2505406572667,0.42857142857142855
223,300.0,5230.0,49.5,27.8,10.79136690647482,46.795587123593016,50.08830456808808,92.2505406572667,0.42857142857142855
224,300.0,5230.0,49.5,27.8,10.79136690647482,46.795587123593016,50.08830456808808,92.2505406572667,0.42857142857142855
225,300.0,5230.0,49.5,27.8,10.79136690647482,46.795587123593016,50.08830456808808,92.2505406572667,0.42857142857142855
226,300.0,5230.0,49.5,27.8,10.79136690647482,46.795587123593016,50.08830456808808,92.2505406572667,0.42857142857142855
227,300.0,5230.0,49.5,27.8,10.79136690647482,46.795587123593016,50.08830456808808,92.2505406572667,0.42857142857142855
228,300.0,5230.0,49.5,27.8,10.79136690647482,46.795587123593016,50.08830456808808,92.2505406572667,0.42857142857142855
229,300.0,5230.0,49.5,27.8,10.79136690647482,46.795587123593016,50.08830456808808,92.2505406572667,0.42857142857142855
230,300.0,5230.0,49.5,27.8,10.79136690647482,46.795587123593016,50.08830456808808,92.2505406572667,0.42857142857142855
231,300.0,5230.0,49.5,27.8,10.79136690647482,46.795587123593016,50.08830456808808,92.2505406572667,0.42857142857142855
232,300.0,5230.0,49.5,27.8,10.79136690647482,46.795587123593016,50.08830456808808,92.2505406572667,0.42857142857142855
233,300.0,5230.0,49.5,27.8,10.79136690647482,46.795587123593016,50.08830456808808,92.2505406572667,0.42857142857142855
234,300.0,5230.0,49.5,27.8,10.79136690647482,46.795587123593016,50.08830456808808,92.2505406572667,0.42857142857142855
235,300.0,5230.0,49.5,27.8,10.79136690647482,46.795587123593016,50.08830456808808,92.2505406572667,0.42857142857142855
236,300.0,5230.0,49.5,27.8,10.79136690647482,46.795587123593016,50.08830456808808,92.2505406572667,0.42857142857142855
237,300.0,5230.0,49.5,27.8,10.79136690647482,46.795587123593016,50.08830456808808,92.2505406572667,0.42857142857142855
238,300.0,5230.0,49.5,27.8,10.79136690647482,46.795587123593016,50.08830456808808,92.2505406572667,0.42857142857142855
239,300.0,5230.0,49.5,27.8,10.79136690647482,46.795587123593016,50.08830456808808,92.2505406572667,0.42857142857142855
240,300.0,5230.0,49.5,27.8,10.79136690647482,46.795587123593016,50.08830456808808,92.2505406572667,0.42857142857142855
241,300.0,5230.0,49.5,27.8,10.79136690647482,46.795587123593016,50.08830456808808,92.2505406572667,0.42857142857142855
242,300.0,5230.0,49.5,27.8,10.79136690647482,46.795587123593016,50.08830456808808,92.2505406572667,0.42857142857142855
243,300.0,5230.0,49.5,27.8,10.79136690647482,46.795587123593016,50.08830456808808,92.2505406572667,0.42857142857142855
244,300.0,5230.0,49.5,27.8,10.79136690647482,46.795587123593016,50.08830456808808,92.2505406572667,0.42857142857142855
245,300.0,5230.0,49.5,27.8,10.79136690647482,46.795587123593016,50.08830456808808,92.2505406572667,0.42857142857142855
246,300.0,5230.0,49.5,27.8,10.79136690647482,46.795587123593016,50.08830456808808,92.2505406572667,0.42857142857142855
247,300.0,5230.0,49.5,27.8,10.79136690647482,46.795587123593016,50.08830456808808,92.2505406572667,0.42857142857142855
248,300.0,5230.0,49.5,27.8,10.79136690647482,46.795587123593016,50.08830456808808,92.2505406572667,0.42857142857142855
249,300.0,5230.0,49.5,27.8,10.79136690647482,46.795587123593016,50.08830456808808,92.2505406572667,0.42857142857142855
250,300.0,5230.0,49.5,27.8,10.79136690647482,46.795587123593016,50.08830456808808,92.2505406572667,0.42857142857142855
251,300.0,5230.0,49.5,27.8,10.79136690647482,46.795587123593016,50.08830456808808,92.2505406572667,0.42857142857142855
252,300.0,5230.0,49.5,27.8,10.79136690647482,46.795587123593016,50.08830456808808,92.2505406572667,0.42857142857142855
253,300.0,5230.0,49.5,27.8,10.79136690647482,46.795587123593016,50.08830456808808,92.2505406572667,0.42857142857142855
254,300.0,5230.0,49.5,27.8,10.79136690647482,46.795587123593016,50.08830456808808,92.2505406572667,0.42857142857142855
255,300.0,5230.0,49.5,27.8,10.79136690647482,46.795587123593016,50.08830456808808,92.2505406572667,0.42857142857142855
256,300.0,5230.0,49.5,27.8,10.79136690647482,46.795587123593016,50.08830456808808,92.2505406572667,0.42857142857142855
257,300.0,5230.0,49.5,27.8,10.79136690647482,46.795587123593016,50.08830456808808,92.2505406572667,0.42857142857142855
258,300.0,5230.0,49.5,27.8,10.79136690647482,46.795587123593016,50.08830456808808,92.2505406572667,0.42857142857142855
259,300.0,5230.0,49.5,27.8,10.79136690647482,46.795587123593016,50.08830456808808,92.2505406572667,0.42857142857142855
260,300.0,5230.0,49.5,27.8,10.79136690647482,46.795587123593016,50.08830456808808,92.2505406572667,0.42857142857142855
261,300.0,5230.0,49.5,27.8,10.79136690647482,46.795587123593016,50.08830456808808,92.2505406572667,0.42857142857142855
262,300.0,5230.0,49.5,27.8,10.79136690647482,46.795587123593016,50.08830456808808,92.2505406572667,0.42857142857142855
263,300.0,5230.0,49.5,27.8,10.79136690647482,46.795587123593016,50.08830456808808,92.2505406572667,0.42857142857142855
264,300.0,5230.0,49.5,27.8,10.79136690647482,46.795587123593016,50.08830456808808,92.2505406572667,0.42857142857142855
265,300.0,5230.0,49.5,27.8,10.79136690647482,46.795587123593016,50.08830456808808,92.2505406572667,0.42857142857142855
266,300.0,5230.0,49.5,27.8,10.79136690647482,46.795587123593016,50.08830456808808,92.2505406572667,0.42857142857142855
267,300.0,5230.0,49.5,27.8,10.79136690647482,46.795587123593016,50.08830456808808,92.2505406572667,0.42857142857142855
268,300.0,5230.0,49.5,27.8,10.79136690647482,46.795587123593016,50.08830456808808,92.2505406572667,0.42857142857142855
269,300.0,5230.0,49.5,27.8,10.79136690647482,46.795587123593016,50.08830456808808,92.2505406572667,0.42857142857142855
270,300.0,5230.0,49.5,27.8,10.79136690647482,46.795587123593016,50.08830456808808,92.2505406572667,0.42857142857142855
271,300.0,5230.0,49.5,27.8,10.79136690647482,46.795587123593016,50.08830456808808,92.2505406572667,0.42857142857142855
272,300.0,5230.0,49.5,27.8,10.79136690647482,46.795587123593016,50.08830456808808,92.2505406572667,0.42857142857142855
273,300.0,5230.0,49.5,27.8,10.79136690647482,46.795587123593016,50.08830456808808,92.2505406572667,0.42857142857142855
274,300.0,5230.0,49.5,27.8,10.79136690647482,46.795587123593016,50.08830456808808,92.2505406572667,0.42857142857142855
275,300.0,5230.0,49.5,27.8,10.79136690647482,46.795587123593016,50.08830456808808,92.2505406572667,0.42857142857142855
276,300.0,5230.0,49.5,27.8,10.79136690647482,46.795587123593016,50.08830456808808,92.2505406572667,0.42857142857142855
277,300.0,5230.0,49.5,27.8,10.79136690647482,46.795587123593016,50.08830456808808,92.2505406572667,0.42857142857142855
278,300.0,5230.0,49.5,27.8,10.79136690647482,46.795587123593016,50.08830456808808,92.2505406572667,0.42857142857142855
279,300.0,5230.0,49.5,27.8,10.79136690647482,46.795587123593016,50.08830456808808,92.2505406572667,0.42857142857142855
280,300.0,5230.0,49.5,27.8,10.79136690647482,46.795587123593016,50.08830456808808,92.2505406572667,0.42857142857142855
281,300.0,5230.0,49.5,27.8,10.79136690647482,46.795587123593016,50.08830456808808,92.2505406572667,0.42857142857142855
282,300.0,5230.0,49.5,27.8,10.79136690647482,46.795587123593016,50.08830456808808,92.2505406572667,0.42857142857142855
283,300.0,5230.0,49.5,27.8,10.79136690647482,46.795587123593016,50.08830456808808,92.2505406572667,0.42857142857142855
284,300.0,5230.0,49.5,27.8,10.79136690647482,46.795587123593016,50.08830456808808,92.2505406572667,0.42857142857142855
285,300.0,5230.0,49.5,27.8,10.79136690647482,46.795587123593016,50.08830456808808,92.2505406572667,0.42857142857142855
286,300.0,5230.0,49.5,27.8,10.79136690647482,46.795587123593016,50.08830456808808,92.2505406572667,0.42857142857142855
287,300.0,5230.0,49.5,27.8,10.79136690647482,46.795587123593016,50.08830456808808,92.2505406572667,0.42857142857142855
288,300.0,5230.0,49.5,27.8,10.79136690647482,46.795587123593016,50.08830456808808,92.2505406572667,0.42857142857142855
289,300.0,5230.0,49.5,27.8,10.79136690647482,46.795587123593016,50.08830456808808,92.2505406572667,0.42857142857142855
290,300.0,5230.0,49.5,27.8,10.79136690647482,46.795587123593016,50.08830456808808,92.2505406572667,0.42857142857142855
291,300.0,5230.0,49.5,27.8,10.79136690647482,46.795587123593016,50.08830456808808,92.2505406572667,0.42857142857142855
292,300.0,5230.0,49.5,27.8,10.79136690647482,46.795587123593016,50.08830456808808,92.2505406572667,0.42857142857142855
293,300.0,5230.0,49.5,27.8,10.79136690647482,46.795587123593016,50.08830456808808,92.2505406572667,0.42857142857142855
294,300.0,5230.0,49.5,27.8,10.79136690647482,46.795587123593016,50.08830456808808,92.2505406572667,0.42857142857142855
295,300.0,5230.0,49.5,27.8,10.79136690647482,46.795587123593016,50.08830456808808,92.2505406572667,0.42857142857142855
296,300.0,5230.0,49.5,27.8,10.79136690647482,46.795587123593016,50.08830456808808,92.2505406572667,0.42857142857142855
297,300.0,5230.0,49.5,27.8,10.79136690647482,46.795587123593016,50.08830456808808,92.2505406572667,0.42857142857142855
298,300.0,5230.0,49.5,27.8,10.79136690647482,46.795587123593016,50.08830456808808,92.2505406572667,0.42857142857142855
299,300.0,5230.0,49.5,27.8,10.79136690647482,46.795587123593016,50.08830456808808,92.2505406572667,0.42857142857142855
300,300.0,5230.0,49.5,27.8,10.79136690647482,46.795587123593016,50.08830456808808,92.2505406572667,0.42857142857142855
301,300.0,5230.0,49.5,27.8,10.79136690647482,46.795587123593016,50.08830456808808,92.2505406572667,0.42857142857142855
302,300.0,5230.0,49.5,27.8,10.79136690647482,46.795587123593016,50.08830456808808,92.2505406572667,0.42857142857142855
303,300.0,5230.0,49.5,27.8,10.79136690647482,46.795587123593016,50.08830456808808,92.2505406572667,0.42857142857142855
304,300.0,5230.0,49.5,27.8,10.79136690647482,46.795587123593016,50.08830456808808,92.2505406572667,0.42857142857142855
305,300.0,5230.0,49.5,27.8,10.79136690647482,46.795587123593016,50.08830456808808,92.2505406572667,0.42857142857142855
306,300.0,5230.0,49.5,27.8,10.79136690647482,46.795587123593016,50.08830456808808,92.2505406572667,0.42857142857142855
307,300.0,5230.0,49.5,27.8,10.79136690647482,46.795587123593016,50.08830456808808,92.2505406572667,0.42857142857142855
308,300.0,5230.0,49.5,27.8,10.79136690647482,46.795587123593016,50.08830456808808,92.2505406572667,0.42857142857142855
309,300.0,5230.0,49.5,27.8,10.79136690647482,46.795587123593016,50.08830456808808,92.2505406572667,0.42857142857142855
310,300.0,5230.0,49.5,27.8,10.79136690647482,46.795587123593016,50.08830456808808,92.2505406572667,0.42857142857142855
311,300.0,5230.0,49.5,27.8,10.79136690647482,46.795587123593016,50.08830456808808,92.2505406572667,0.42857142857142855
312,300.0,5230.0,49.5,27.8,10.79136690647482,46.795587123593016,50.08830456808808,92.2505406572667,0.42857142857142855
313,300.0,5230.0,49.5,27.8,10.79136690647482,46.795587123593016,50.08830456808808,92.2505406572667,0.42857142857142855
314,300.0,5230.0,49.5,27.8,10.79136690647482,46.795587123593016,50.08830456808808,92.2505406572667,0.42857142857142855
315,300.0,5230.0,49.5,27.8,10.79136690647482,46.795587123593016,50.08830456808808,92.2505406572667,0.42857142857142855
316,300.0,5230.0,49.5,27.8,10.79136690647482,46.795587123593016,50.08830456808808,92.2505406572667,0.42857142857142855
317,300.0,5230.0,49.5,27.8,10.79136690647482,46.795587123593016,50.08830456808808,92.2505406572667,0.42857142857142855
318,300.0,5230.0,49.5,27.8,10.79136690647482,46.795587123593016,50.08830456808808,92.2505406572667,0.42857142857142855
319,300.0,5230.0,49.5,27.8,10.79136690647482,46.795587123593016,50.08830456808808,92.2505406572667,0.42857142857142855
320,300.0,5230.0,49.5,27.8,10.79136690647482,46.795587123593016,50.08830456808808,92.2505406572667,0.42857142857142855
321,300.0,5230.0,49.5,27.8,10.79136690647482,46.795587123593016,50.08830456808808,92.2505406572667,0.42857142857142855
322,300.0,5230.0,49.5,27.8,10.79136690647482,46.795587123593016,50.08830456808808,92.2505406572667,0.42857142857142855
323,300.0,5230.0,49.5,27.8,10.79136690647482,46.795587123593016,50.08830456808808,92.2505406572667,0.42857142857142855
324,300.0,5230.0,49.5,27.8,10.79136690647482,46.795587123593016,50.08830456808808,92.2505406572667,0.42857142857142855
325,300.0,5230.0,49.5,27.8,10.79136690647482,46.795587123593016,50.08830456808808,92.2505406572667,0.42857142857142855
326,300.0,5230.0,49.5,27.8,10.79136690647482,46.795587123593016,50.08830456808808,92.2505406572667,0.42857142857142855
327,300.0,5230.0,49.5,27.8,10.79136690647482,46.795587123593016,50.08830456808808,92.2505406572667,0.42857142857142855
328,300.0,5230.0,49.5,27.8,10.79136690647482,46.795587123593016,50.08830456808808,92.2505406572667,0.42857142857142855
329,300.0,5230.0,49.5,27.8,10.79136690647482,46.795587123593016,50.08830456808808,92.2505406572667,0.42857142857142855
330,300.0,5230.0,49.5,27.8,10.79136690647482,46.795587123593016,50.08830456808808,92.2505406572667,0.42857142857142855
331,300.0,5230.0,49.5,27.8,10.79136690647482,46.795587123593016,50.08830456808808,92.2505406572667,0.42857142857142855
332,300.0,5230.0,49.5,27.8,10.79136690647482,46.795587123593016,50.08830456808808,92.2505406572667,0.42857142857142855
333,300.0,5230.0,49.5,27.8,10.79136690647482,46.795587123593016,50.08830456808808,92.2505406572667,0.42857142857142855
334,300.0,5230.0,49.5,27.8,10.79136690647482,46.795587123593016,50.08830456808808,92.2505406572667,0.42857142857142855
335,300.0,5230.0,49.5,27.8,10.79136690647482,46.795587123593016,50.08830456808808,92.2505406572667,0.42857142857142855
336,300.0,5230.0,49.5,27.8,10.79136690647482,46.795587123593016,50.08830456808808,92.2505406572667,0.42857142857142855
337,300.0,5230.0,49.5,27.8,10.79136690647482,46.795587123593016,50.08830456808808,92.2505406572667,0.42857142857142855
338,300.0,5230.0,49.5,27.8,10.79136690647482,46.795587123593016,50.08830456808808,92.2505406572667,0.42857142857142855
339,300.0,5230.0,49.5,27.8,10.79136690647482,46.795587123593016,50.08830456808808,92.2505406572667,0.42857142857142855
340,300.0,5230.0,49.5,27.8,10.79136690647482,46.795587123593016,50.08830456808808,92.2505406572667,0.42857142857142855
341,300.0,5230.0,49.5,27.8,10.79136690647482,46.795587123593016,50.08830456808808,92.2505406572667,0.42857142857142855
342,300.0,5230.0,49.5,27.8,10.79136690647482,46.795587123593016,50.08830456808808,92.2505406572667,0.42857142857142855
343,300.0,5230.0,49.5,27.8,10.79136690647482,46.795587123593016,50.08830456808808,92.2505406572667,0.42857142857142855
344,300.0,5230.0,49.5,27.8,10.79136690647482,46.795587123593016,50.08830456808808,92.2505406572667,0.42857142857142855
345,300.0,5230.0,49.5,27.8,10.79136690647482,46.795587123593016,50.08830456808808,92.2505406572667,0.42857142857142855
346,300.0,5230.0,49.5,27.8,10.79136690647482,46.795587123593016,50.08830456808808,92.2505406572667,0.42857142857142855
347,300.0,5230.0,49.5,27.8,10.79136690647482,46.795587123593016,50.08830456808808,92.2505406572667,0.42857142857142855
348,300.0,5230.0,49.5,27.8,10.79136690647482,46.795587123593016,50.08830456808808,92.2505406572667,0.42857142857142855
349,300.0,5230.0,49.5,27.8,10.79136690647482,46.795587123593016,50.08830456808808,92.2505406572667,0.42857142857142855
350,300.0,5230.0,49.5,27.8,10.79136690647482,46.795587123593016,50.08830456808808,92.2505406572667,0.42857142857142855
351,300.0,5230.0,49.5,27.8,10.79136690647482,46.795587123593016,50.08830456808808,92.2505406572667,0.42857142857142855
352,300.0,5230.0,49.5,27.8,10.79136690647482,46.795587123593016,50.08830456808808,92.2505406572667,0.42857142857142855
353,300.0,5230.0,49.5,27.8,10.79136690647482,46.795587123593016,50.08830456808808,92.2505406572667,0.42857142857142855
354,300.0,5230.0,49.5,27.8,10.79136690647482,46.795587123593016,50.08830456808808,92.2505406572667,0.42857142857142855
355,300.0,5230.0,49.5,27.8,10.79136690647482,46.795587123593016,50.08830456808808,92.2505406572667,0.42857142857142855
356,300.0,5230.0,49.5,27.8,10.79136690647482,46.795587123593016,50.08830456808808,92.2505406572667,0.42857142857142855
357,300.0,5230.0,49.5,27.8,10.79136690647482,46.795587123593016,50.08830456808808,92.2505406572667,0.42857142857142855
358,300.0,5230.0,49.5,27.8,10.79136690647482,46.795587123593016,50.08830456808808,92.2505406572667,0.42857142857142855
359,300.0,5230.0,49.5,27.8,10.79136690647482,46.795587123593016,50.08830456808808,92.2505406572667,0.42857142857142855
360,500.0,5850.0,54.5,28.2,17.73049645390071,64.33866758211492,65.38999557673108,127.87821842963562,0.7142857142857143
361,500.0,5850.0,54.5,28.2,17.73049645390071,64.33866758211492,65.38999557673108,127.87821842963562,0.7142857142857143
362,500.0,5850.0,54.5,28.2,17.73049645390071,64.33866758211492,65.38999557673108,127.87821842963562,0.7142857142857143
363,500.0,5850.0,54.5,28.2,17.73049645390071,64.33866758211492,65.38999557673108,127.87821842963562,0.7142857142857143
364,500.0,5850.0,54.5,28.2,17.73049645390071,64.33866758211492,65.38999557673108,127.87821842963562,0.7142857142857143
365,500.0,5850.0,54.5,28.2,17.73049645390071,64.33866758211492,65.38999557673108,127.87821842963562,0.7142857142857143
366,500.0,5850.0,54.5,28.2,17.73049645390071,64.33866758211492,65.38999557673108,127.87821842963562,0.7142857142857143
367,500.0,5850.0,54.5,28.2,17.73049645390071,64.33866758211492,65.38999557673108,127.87821842963562,0.7142857142857143
368,500.0,5850.0,54.5,28.2,17.73049645390071,64.33866758211492,65.38999557673108,127.87821842963562,0.7142857142857143
369,500.0,5850.0,54.5,28.2,17.73049645390071,64.33866758211492,65.38999557673108,127.87821842963562,0.7142857142857143
370,500.0,5850.0,54.5,28.2,17.73049645390071,64.33866758211492,65.38999557673108,127.87821842963562,0.7142857142857143
371,500.0,5850.0,54.5,28.2,17.73049645390071,64.33866758211492,65.38999557673108,127.87821842963562,0.7142857142857143
372,500.0,5850.0,54.5,28.2,17.73049645390071,64.33866758211492,65.38999557673108,127.87821842963562,0.7142857142857143
373,500.0,5850.0,54.5,28.2,17.73049645390071,64.33866758211492,65.38999557673108,127.87821842963562,0.7142857142857143
374,500.0,5850.0,54.5,28.2,17.73049645390071,64.33866758211492,65.38999557673108,127.87821842963562,0.7142857142857143
375,500.0,5850.0,54.5,28.2,17.73049645390071,64.33866758211492,65.38999557673108,127.87821842963562,0.7142857142857143
376,500.0,5850.0,54.5,28.2,17.73049645390071,64.33866758211492,65.38999557673108,127.87821842963562,0.7142857142857143
377,500.0,5850.0,54.5,28.2,17.73049645390071,64.33866758211492,65.38999557673108,127.87821842963562,0.7142857142857143
378,500.0,5850.0,54.5,28.2,17.73049645390071,64.33866758211492,65.38999557673108,127.87821842963562,0.7142857142857143
379,500.0,5850.0,54.5,28.2,17.73049645390071,64.33866758211492,65.38999557673108,127.87821842963562,0.7142857142857143
380,500.0,5850.0,54.5,28.2,17.73049645390071,64.33866758211492,65.38999557673108,127.87821842963562,0.7142857142857143
381,500.0,5850.0,54.5,28.2,17.73049645390071,64.33866758211492,65.38999557673108,127.87821842963562,0.7142857142857143
382,500.0,5850.0,54.5,28.2,17.73049645390071,64.33866758211492,65.38999557673108,127.87821842963562,0.7142857142857143
383,500.0,5850.0,54.5,28.2,17.73049645390071,64.33866758211492,65.38999557673108,127.87821842963562,0.7142857142857143
384,500.0,5850.0,54.5,28.2,17.73049645390071,64.33866758211492,65.38999557673108,127.87821842963562,0.7142857142857143
385,500.0,5850.0,54.5,28.2,17.73049645390071,64.33866758211492,65.38999557673108,127.87821842963562,0.7142857142857143
386,500.0,5850.0,54.5,28.2,17.73049645390071,64.33866758211492,65.38999557673108,127.87821842963562,0.7142857142857143
387,500.0,5850.0,54.5,28.2,17.73049645390071,64.33866758211492,65.38999557673108,127.87821842963562,0.7142857142857143
388,500.0,5850.0,54.5,28.2,17.73049645390071,64.33866758211492,65.38999557673108,127.87821842963562,0.7142857142857143
389,500.0,5850.0,54.5,28.2,17.73049645390071,64.33866758211492,65.38999557673108,127.87821842963562,0.7142857142857143
390,500.0,5850.0,54.5,28.2,17.73049645390071,64.33866758211492,65.38999557673108,127.87821842963562,0.7142857142857143
391,500.0,5850.0,54.5,28.2,17.73049645390071,64.33866758211492,65.38999557673108,127.87821842963562,0.7142857142857143
392,500.0,5850.0,54.5,28.2,17.73049645390071,64.33866758211492,65.38999557673108,127.87821842963562,0.7142857142857143
393,500.0,5850.0,54.5,28.2,17.73049645390071,64.33866758211492,65.38999557673108,127.87821842963562,0.7142857142857143
394,500.0,5850.0,54.5,28.2,17.73049645390071,64.33866758211492,65.38999557673108,127.87821842963562,0.7142857142857143
395,500.0,5850.0,54.5,28.2,17.73049645390071,64.33866758211492,65.38999557673108,127.87821842963562,0.7142857142857143
396,500.0,5850.0,54.5,28.2,17.73049645390071,64.33866758211492,65.38999557673108,127.87821842963562,0.7142857142857143
397,500.0,5850.0,54.5,28.2,17.73049645390071,64.33866758211492,65.38999557673108,127.87821842963562,0.7142857142857143
398,500.0,5850.0,54.5,28.2,17.73049645390071,64.33866758211492,65.38999557673108,127.87821842963562,0.7142857142857143
399,500.0,5850.0,54.5,28.2,17.73049645390071,64.33866758211492,65.38999557673108,127.87821842963562,0.7142857142857143
400,500.0,5850.0,54.5,28.2,17.73049645390071,64.33866758211492,65.38999557673108,127.87821842963562,0.7142857142857143
401,500.0,5850.0,54.5,28.2,17.73049645390071,64.33866758211492,65.38999557673108,127.87821842963562,0.7142857142857143
402,500.0,5850.0,54.5,28.2,17.73049645390071,64.33866758211492,65.38999557673108,127.87821842963562,0.7142857142857143
403,500.0,5850.0,54.5,28.2,17.73049645390071,64.33866758211492,65.38999557673108,127.87821842963562,0.7142857142857143
404,500.0,5850.0,54.5,28.2,17.73049645390071,64.33866758211492,65.38999557673108,127.87821842963562,0.7142857142857143
405,500.0,5850.0,54.5,28.2,17.73049645390071,64.33866758211492,65.38999557673108,127.87821842963562,0.7142857142857143
406,500.0,5850.0,54.5,28.2,17.73049645390071,64.33866758211492,65.38999557673108,127.87821842963562,0.7142857142857143
407,500.0,5850.0,54.5,28.2,17.73049645390071,64.33866758211492,65.38999557673108,127.87821842963562,0.7142857142857143
408,500.0,5850.0,54.5,28.2,17.73049645390071,64.33866758211492,65.38999557673108,127.87821842963562,0.7142857142857143
409,500.0,5850.0,54.5,28.2,17.73049645390071,64.33866758211492,65.38999557673108,127.87821842963562,0.7142857142857143
410,500.0,5850.0,54.5,28.2,17.73049645390071,64.33866758211492,65.38999557673108,127.87821842963562,0.7142857142857143
411,500.0,5850.0,54.5,28.2,17.73049645390071,64.33866758211492,65.38999557673108,127.87821842963562,0.7142857142857143
412,500.0,5850.0,54.5,28.2,17.73049645390071,64.33866758211492,65.38999557673108,127.87821842963562,0.7142857142857143
413,500.0,5850.0,54.5,28.2,17.73049645390071,64.33866758211492,65.38999557673108,127.87821842963562,0.7142857142857143
414,500.0,5850.0,54.5,28.2,17.73049645390071,64.33866758211492,65.38999557673108,127.87821842963562,0.7142857142857143
415,500.0,5850.0,54.5,28.2,17.73049645390071,64.33866758211492,65.38999557673108,127.87821842963562,0.7142857142857143
416,500.0,5850.0,54.5,28.2,17.73049645390071,64.33866758211492,65.38999557673108,127.87821842963562,0.7142857142857143
417,500.0,5850.0,54.5,28.2,17.73049645390071,64.33866758211492,65.38999557673108,127.87821842963562,0.7142857142857143
418,500.0,5850.0,54.5,28.2,17.73049645390071,64.33866758211492,65.38999557673108,127.87821842963562,0.7142857142857143
419,500.0,5850.0,54.5,28.2,17.73049645390071,64.33866758211492,65.38999557673108,127.87821842963562,0.7142857142857143
420,500.0,5850.0,54.5,28.2,17.73049645390071,64.33866758211492,65.38999557673108,127.87821842963562,0.7142857142857143
421,500.0,5850.0,54.5,28.2,17.73049645390071,64.33866758211492,65.38999557673108,127.87821842963562,0.7142857142857143
422,500.0,5850.0,54.5,28.2,17.73049645390071,64.33866758211492,65.38999557673108,127.87821842963562,0.7142857142857143
423,500.0,5850.0,54.5,28.2,17.73049645390071,64.33866758211492,65.38999557673108,127.87821842963562,0.7142857142857143
424,500.0,5850.0,54.5,28.2,17.73049645390071,64.33866758211492,65.38999557673108,127.87821842963562,0.7142857142857143
425,500.0,5850.0,54.5,28.2,17.73049645390071,64.33866758211492,65.38999557673108,127.87821842963562,0.7142857142857143
426,500.0,5850.0,54.5,28.2,17.73049645390071,64.33866758211492,65.38999557673108,127.87821842963562,0.7142857142857143
427,500.0,5850.0,54.5,28.2,17.73049645390071,64.33866758211492,65.38999557673108,127.87821842963562,0.7142857142857143
428,500.0,5850.0,54.5,28.2,17.73049645390071,64.33866758211492,65.38999557673108,127.87821842963562,0.7142857142857143
429,500.0,5850.0,54.5,28.2,17.73049645390071,64.33866758211492,65.38999557673108,127.87821842963562,0.7142857142857143
430,500.0,5850.0,54.5,28.2,17.73049645390071,64.33866758211492,65.38999557673108,127.87821842963562,0.7142857142857143
431,500.0,5850.0,54.5,28.2,17.73049645390071,64.33866758211492,65.38999557673108,127.87821842963562,0.7142857142857143
432,500.0,5850.0,54.5,28.2,17.73049645390071,64.33866758211492,65.38999557673108,127.87821842963562,0.7142857142857143
433,500.0,5850.0,54.5,28.2,17.73049645390071,64.33866758211492,65.38999557673108,127.87821842963562,0.7142857142857143
434,500.0,5850.0,54.5,28.2,17.73049645390071,64.33866758211492,65.38999557673108,127.87821842963562,0.7142857142857143
435,500.0,5850.0,54.5,28.2,17.73049645390071,64.33866758211492,65.38999557673108,127.87821842963562,0.7142857142857143
436,500.0,5850.0,54.5,28.2,17.73049645390071,64.33866758211492,65.38999557673108,127.87821842963562,0.7142857142857143
437,500.0,5850.0,54.5,28.2,17.73049645390071,64.33866758211492,65.38999557673108,127.87821842963562,0.7142857142857143
438,500.0,5850.0,54.5,28.2,17.73049645390071,64.33866758211492,65.38999557673108,127.87821842963562,0.7142857142857143
439,500.0,5850.0,54.5,28.2,17.73049645390071,64.33866758211492,65.38999557673108,127.87821842963562,0.7142857142857143
440,500.0,5850.0,54.5,28.2,17.73049645390071,64.33866758211492,65.38999557673108,127.87821842963562,0.7142857142857143
441,500.0,5850.0,54.5,28.2,17.73049645390071,64.33866758211492,65.38999557673108,127.87821842963562,0.7142857142857143
442,500.0,5850.0,54.5,28.2,17.73049645390071,64.33866758211492,65.38999557673108,127.87821842963562,0.7142857142857143
443,500.0,5850.0,54.5,28.2,17.73049645390071,64.33866758211492,65.38999557673108,127.87821842963562,0.7142857142857143
444,500.0,5850.0,54.5,28.2,17.73049645390071,64.33866758211492,65.38999557673108,127.87821842963562,0.7142857142857143
445,500.0,5850.0,54.5,28.2,17.73049645390071,64.33866758211492,65.38999557673108,127.87821842963562,0.7142857142857143
446,500.0,5850.0,54.5,28.2,17.73049645390071,64.33866758211492,65.38999557673108,127.87821842963562,0.7142857142857143
447,500.0,5850.0,54.5,28.2,17.73049645390071,64.33866758211492,65.38999557673108,127.87821842963562,0.7142857142857143
448,500.0,5850.0,54.5,28.2,17.73049645390071,64.33866758211492,65.38999557673108,127.87821842963562,0.7142857142857143
449,500.0,5850.0,54.5,28.2,17.73049645390071,64.33866758211492,65.38999557673108,127.87821842963562,0.7142857142857143
450,500.0,5850.0,54.5,28.2,17.73049645390071,64.33866758211492,65.38999557673108,127.87821842963562,0.7142857142857143
451,500.0,5850.0,54.5,28.2,17.73049645390071,64.33866758211492,65.38999557673108,127.87821842963562,0.7142857142857143
452,500.0,5850.0,54.5,28.2,17.73049645390071,64.33866758211492,65.38999557673108,127.87821842963562,0.7142857142857143
453,500.0,5850.0,54.5,28.2,17.73049645390071,64.33866758211492,65.38999557673108,127.87821842963562,0.7142857142857143
454,500.0,5850.0,54.5,28.2,17.73049645390071,64.33866758211492,65.38999557673108,127.87821842963562,0.7142857142857143
455,500.0,5850.0,54.5,28.2,17.73049645390071,64.33866758211492,65.38999557673108,127.87821842963562,0.7142857142857143
456,500.0,5850.0,54.5,28.2,17.73049645390071,64.33866758211492,65.38999557673108,127.87821842963562,0.7142857142857143
457,500.0,5850.0,54.5,28.2,17.73049645390071,64.33866758211492,65.38999557673108,127.87821842963562,0.7142857142857143
458,500.0,5850.0,54.5,28.2,17.73049645390071,64.33866758211492,65.38999557673108,127.87821842963562,0.7142857142857143
459,500.0,5850.0,54.5,28.2,17.73049645390071,64.33866758211492,65.38999557673108,127.87821842963562,0.7142857142857143
460,500.0,5850.0,54.5,28.2,17.73049645390071,64.33866758211492,65.38999557673108,127.87821842963562,0.7142857142857143
461,500.0,5850.0,54.5,28.2,17.73049645390071,64.33866758211492,65.38999557673108,127.87821842963562,0.7142857142857143
462,500.0,5850.0,54.5,28.2,17.73049645390071,64.33866758211492,65.38999557673108,127.87821842963562,0.7142857142857143
463,500.0,5850.0,54.5,28.2,17.73049645390071,64.33866758211492,65.38999557673108,127.87821842963562,0.7142857142857143
464,500.0,5850.0,54.5,28.2,17.73049645390071,64.33866758211492,65.38999557673108,127.87821842963562,0.7142857142857143
465,500.0,5850.0,54.5,28.2,17.73049645390071,64.33866758211492,65.38999557673108,127.87821842963562,0.7142857142857143
466,500.0,5850.0,54.5,28.2,17.73049645390071,64.33866758211492,65.38999557673108,127.87821842963562,0.7142857142857143
467,500.0,5850.0,54.5,28.2,17.73049645390071,64.33866758211492,65.38999557673108,127.87821842963562,0.7142857142857143
468,500.0,5850.0,54.5,28.2,17.73049645390071,64.33866758211492,65.38999557673108,127.87821842963562,0.7142857142857143
469,500.0,5850.0,54.5,28.2,17.73049645390071,64.33866758211492,65.38999557673108,127.87821842963562,0.7142857142857143
470,500.0,5850.0,54.5,28.2,17.73049645390071,64.33866758211492,65.38999557673108,127.87821842963562,0.7142857142857143
471,500.0,5850.0,54.5,28.2,17.73049645390071,64.33866758211492,65.38999557673108,127.87821842963562,0.7142857142857143
472,500.0,5850.0,54.5,28.2,17.73049645390071,64.33866758211492,65.38999557673108,127.87821842963562,0.7142857142857143
473,500.0,5850.0,54.5,28.2,17.73049645390071,64.33866758211492,65.38999557673108,127.87821842963562,0.7142857142857143
474,500.0,5850.0,54.5,28.2,17.73049645390071,64.33866758211492,65.38999557673108,127.87821842963562,0.7142857142857143
475,500.0,5850.0,54.5,28.2,17.73049645390071,64.33866758211492,65.38999557673108,127.87821842963562,0.7142857142857143
476,500.0,5850.0,54.5,28.2,17.73049645390071,64.33866758211492,65.38999557673108,127.87821842963562,0.7142857142857143
477,500.0,5850.0,54.5,28.2,17.73049645390071,64.33866758211492,65.38999557673108,127.87821842963562,0.7142857142857143
478,500.0,5850.0,54.5,28.2,17.73049645390071,64.33866758211492,65.38999557673108,127.87821842963562,0.7142857142857143
479,500.0,5850.0,54.5,28.2,17.73049645390071,64.33866758211492,65.38999557673108,127.87821842963562,0.7142857142857143
480,500.0,5850.0,54.5,28.2,17.73049645390071,64.33866758211492,65.38999557673108,127.87821842963562,0.7142857142857143
481,500.0,5850.0,54.5,28.2,17.73049645390071,64.33866758211492,65.38999557673108,127.87821842963562,0.7142857142857143
482,500.0,5850.0,54.5,28.2,17.73049645390071,64.33866758211492,65.38999557673108,127.87821842963562,0.7142857142857143
483,500.0,5850.0,54.5,28.2,17.73049645390071,64.33866758211492,65.38999557673108,127.87821842963562,0.7142857142857143
484,500.0,5850.0,54.5,28.2,17.73049645390071,64.33866758211492,65.38999557673108,127.87821842963562,0.7142857142857143
485,500.0,5850.0,54.5,28.2,17.73049645390071,64.33866758211492,65.38999557673108,127.87821842963562,0.7142857142857143
486,500.0,5850.0,54.5,28.2,17.73049645390071,64.33866758211492,65.38999557673108,127.87821842963562,0.7142857142857143
487,500.0,5850.0,54.5,28.2,17.73049645390071,64.33866758211492,65.38999557673108,127.87821842963562,0.7142857142857143
488,500.0,5850.0,54.5,28.2,17.73049645390071,64.33866758211492,65.38999557673108,127.87821842963562,0.7142857142857143
489,500.0,5850.0,54.5,28.2,17.73049645390071,64.33866758211492,65.38999557673108,127.87821842963562,0.7142857142857143
490,500.0,5850.0,54.5,28.2,17.73049645390071,64.33866758211492,65.38999557673108,127.87821842963562,0.7142857142857143
491,500.0,5850.0,54.5,28.2,17.73049645390071,64.33866758211492,65.38999557673108,127.87821842963562,0.7142857142857143
492,500.0,5850.0,54.5,28.2,17.73049645390071,64.33866758211492,65.38999557673108,127.87821842963562,0.7142857142857143
493,500.0,5850.0,54.5,28.2,17.73049645390071,64.33866758211492,65.38999557673108,127.87821842963562,0.7142857142857143
494,500.0,5850.0,54.5,28.2,17.73049645390071,64.33866758211492,65.38999557673108,127.87821842963562,0.7142857142857143
495,500.0,5850.0,54.5,28.2,17.73049645390071,64.33866758211492,65.38999557673108,127.87821842963562,0.7142857142857143
496,500.0,5850.0,54.5,28.2,17.73049645390071,64.33866758211492,65.38999557673108,127.87821842963562,0.7142857142857143
497,500.0,5850.0,54.5,28.2,17.73049645390071,64.33866758211492,65.38999557673108,127.87821842963562,0.7142857142857143
498,500.0,5850.0,54.5,28.2,17.73049645390071,64.33866758211492,65.38999557673108,127.87821842963562,0.7142857142857143
499,500.0,5850.0,54.5,28.2,17.73049645390071,64.33866758211492,65.38999557673108,127.87821842963562,0.7142857142857143
500,500.0,5850.0,54.5,28.2,17.73049645390071,64.33866758211492,65.38999557673108,127.87821842963562,0.7142857142857143
501,500.0,5850.0,54.5,28.2,17.73049645390071,64.33866758211492,65.38999557673108,127.87821842963562,0.7142857142857143
502,500.0,5850.0,54.5,28.2,17.73049645390071,64.33866758211492,65.38999557673108,127.87821842963562,0.7142857142857143
503,500.0,5850.0,54.5,28.2,17.73049645390071,64.33866758211492,65.38999557673108,127.87821842963562,0.7142857142857143
504,500.0,5850.0,54.5,28.2,17.73049645390071,64.33866758211492,65.38999557673108,127.87821842963562,0.7142857142857143
505,500.0,5850.0,54.5,28.2,17.73049645390071,64.33866758211492,65.38999557673108,127.87821842963562,0.7142857142857143
506,500.0,5850.0,54.5,28.2,17.73049645390071,64.33866758211492,65.38999557673108,127.87821842963562,0.7142857142857143
507,500.0,5850.0,54.5,28.2,17.73049645390071,64.33866758211492,65.38999557673108,127.87821842963562,0.7142857142857143
508,500.0,5850.0,54.5,28.2,17.73049645390071,64.33866758211492,65.38999557673108,127.87821842963562,0.7142857142857143
509,500.0,5850.0,54.5,28.2,17.73049645390071,64.33866758211492,65.38999557673108,127.87821842963562,0.7142857142857143
510,500.0,5850.0,54.5,28.2,17.73049645390071,64.33866758211492,65.38999557673108,127.87821842963562,0.7142857142857143
511,500.0,5850.0,54.5,28.2,17.73049645390071,64.33866758211492,65.38999557673108,127.87821842963562,0.7142857142857143
512,500.0,5850.0,54.5,28.2,17.73049645390071,64.33866758211492,65.38999557673108,127.87821842963562,0.7142857142857143
513,500.0,5850.0,54.5,28.2,17.73049645390071,64.33866758211492,65.38999557673108,127.87821842963562,0.7142857142857143
514,500.0,5850.0,54.5,28.2,17.73049645390071,64.33866758211492,65.38999557673108,127.87821842963562,0.7142857142857143
515,500.0,5850.0,54.5,28.2,17.73049645390071,64.33866758211492,65.38999557673108,127.87821842963562,0.7142857142857143
516,500.0,5850.0,54.5,28.2,17.73049645390071,64.33866758211492,65.38999557673108,127.87821842963562,0.7142857142857143
517,500.0,5850.0,54.5,28.2,17.73049645390071,64.33866758211492,65.38999557673108,127.87821842963562,0.7142857142857143
518,500.0,5850.0,54.5,28.2,17.73049645390071,64.33866758211492,65.38999557673108,127.87821842963562,0.7142857142857143
519,500.0,5850.0,54.5,28.2,17.73049645390071,64.33866758211492,65.38999557673108,127.87821842963562,0.7142857142857143
520,500.0,5850.0,54.5,28.2,17.73049645390071,64.33866758211492,65.38999557673108,127.87821842963562,0.7142857142857143
521,500.0,5850.0,54.5,28.2,17.73049645390071,64.33866758211492,65.38999557673108,127.87821842963562,0.7142857142857143
522,500.0,5850.0,54.5,28.2,17.73049645390071,64.33866758211492,65.38999557673108,127.87821842963562,0.7142857142857143
523,500.0,5850.0,54.5,28.2,17.73049645390071,64.33866758211492,65.38999557673108,127.87821842963562,0.7142857142857143
524,500.0,5850.0,54.5,28.2,17.73049645390071,64.33866758211492,65.38999557673108,127.87821842963562,0.7142857142857143
525,500.0,5850.0,54.5,28.2,17.73049645390071,64.33866758211492,65.38999557673108,127.87821842963562,0.7142857142857143
526,500.0,5850.0,54.5,28.2,17.73049645390071,64.33866758211492,65.38999557673108,127.87821842963562,0.7142857142857143
527,500.0,5850.0,54.5,28.2,17.73049645390071,64.33866758211492,65.38999557673108,127.87821842963562,0.7142857142857143
528,500.0,5850.0,54.5,28.2,17.73049645390071,64.33866758211492,65.38999557673108,127.87821842963562,0.7142857142857143
529,500.0,5850.0,54.5,28.2,17.73049645390071,64.33866758211492,65.38999557673108,127.87821842963562,0.7142857142857143
530,500.0,5850.0,54.5,28.2,17.73049645390071,64.33866758211492,65.38999557673108,127.87821842963562,0.7142857142857143
531,500.0,5850.0,54.5,28.2,17.73049645390071,64.33866758211492,65.38999557673108,127.87821842963562,0.7142857142857143
532,500.0,5850.0,54.5,28.2,17.73049645390071,64.33866758211492,65.38999557673108,127.87821842963562,0.7142857142857143
533,500.0,5850.0,54.5,28.2,17.73049645390071,64.33866758211492,65.38999557673108,127.87821842963562,0.7142857142857143
534,500.0,5850.0,54.5,28.2,17.73049645390071,64.33866758211492,65.38999557673108,127.87821842963562,0.7142857142857143
535,500.0,5850.0,54.5,28.2,17.73049645390071,64.33866758211492,65.38999557673108,127.87821842963562,0.7142857142857143
536,500.0,5850.0,54.5,28.2,17.73049645390071,64.33866758211492,65.38999557673108,127.87821842963562,0.7142857142857143
537,500.0,5850.0,54.5,28.2,17.73049645390071,64.33866758211492,65.38999557673108,127.87821842963562,0.7142857142857143
538,500.0,5850.0,54.5,28.2,17.73049645390071,64.33866758211492,65.38999557673108,127.87821842963562,0.7142857142857143
539,500.0,5850.0,54.5,28.2,17.73049645390071,64.33866758211492,65.38999557673108,127.87821842963562,0.7142857142857143
540,700.0,6470.0,59.5,28.599999999999998,24.475524475524477,85.0,82.0,165.0,1.0
541,700.0,6470.0,59.5,28.599999999999998,24.475524475524477,85.0,82.0,165.0,1.0
542,700.0,6470.0,59.5,28.599999999999998,24.475524475524477,85.0,82.0,165.0,1.0
543,700.0,6470.0,59.5,28.599999999999998,24.475524475524477,85.0,82.0,165.0,1.0
544,700.0,6470.0,59.5,28.599999999999998,24.475524475524477,85.0,82.0,165.0,1.0
545,700.0,6470.0,59.5,28.599999999999998,24.475524475524477,85.0,82.0,165.0,1.0
546,700.0,6470.0,59.5,28.599999999999998,24.475524475524477,85.0,82.0,165.0,1.0
547,700.0,6470.0,59.5,28.599999999999998,24.475524475524477,85.0,82.0,165.0,1.0
548,700.0,6470.0,59.5,28.599999999999998,24.475524475524477,85.0,82.0,165.0,1.0
549,700.0,6470.0,59.5,28.599999999999998,24.475524475524477,85.0,82.0,165.0,1.0
550,700.0,6470.0,59.5,28.599999999999998,24.475524475524477,85.0,82.0,165.0,1.0
551,700.0,6470.0,59.5,28.599999999999998,24.475524475524477,85.0,82.0,165.0,1.0
552,700.0,6470.0,59.5,28.599999999999998,24.475524475524477,85.0,82.0,165.0,1.0
553,700.0,6470.0,59.5,28.599999999999998,24.475524475524477,85.0,82.0,165.0,1.0
554,700.0,6470.0,59.5,28.599999999999998,24.475524475524477,85.0,82.0,165.0,1.0
555,700.0,6470.0,59.5,28.599999999999998,24.475524475524477,85.0,82.0,165.0,1.0
556,700.0,6470.0,59.5,28.599999999999998,24.475524475524477,85.0,82.0,165.0,1.0
557,700.0,6470.0,59.5,28.599999999999998,24.475524475524477,85.0,82.0,165.0,1.0
558,700.0,6470.0,59.5,28.599999999999998,24.475524475524477,85.0,82.0,165.0,1.0
559,700.0,6470.0,59.5,28.599999999999998,24.475524475524477,85.0,82.0,165.0,1.0
560,700.0,6470.0,59.5,28.599999999999998,24.475524475524477,85.0,82.0,165.0,1.0
561,700.0,6470.0,59.5,28.599999999999998,24.475524475524477,85.0,82.0,165.0,1.0
562,700.0,6470.0,59.5,28.599999999999998,24.475524475524477,85.0,82.0,165.0,1.0
563,700.0,6470.0,59.5,28.599999999999998,24.475524475524477,85.0,82.0,165.0,1.0
564,700.0,6470.0,59.5,28.599999999999998,24.475524475524477,85.0,82.0,165.0,1.0
565,700.0,6470.0,59.5,28.599999999999998,24.475524475524477,85.0,82.0,165.0,1.0
566,700.0,6470.0,59.5,28.599999999999998,24.475524475524477,85.0,82.0,165.0,1.0
567,700.0,6470.0,59.5,28.599999999999998,24.475524475524477,85.0,82.0,165.0,1.0
568,700.0,6470.0,59.5,28.599999999999998,24.475524475524477,85.0,82.0,165.0,1.0
569,700.0,6470.0,59.5,28.599999999999998,24.475524475524477,85.0,82.0,165.0,1.0
570,700.0,6470.0,59.5,28.599999999999998,24.475524475524477,85.0,82.0,165.0,1.0
571,700.0,6470.0,59.5,28.599999999999998,24.475524475524477,85.0,82.0,165.0,1.0
572,700.0,6470.0,59.5,28.599999999999998,24.475524475524477,85.0,82.0,165.0,1.0
573,700.0,6470.0,59.5,28.599999999999998,24.475524475524477,85.0,82.0,165.0,1.0
574,700.0,6470.0,59.5,28.599999999999998,24.475524475524477,85.0,82.0,165.0,1.0
575,700.0,6470.0,59.5,28.599999999999998,24.475524475524477,85.0,82.0,165.0,1.0
576,700.0,6470.0,59.5,28.599999999999998,24.475524475524477,85.0,82.0,165.0,1.0
577,700.0,6470.0,59.5,28.599999999999998,24.475524475524477,85.0,82.0,165.0,1.0
578,700.0,6470.0,59.5,28.599999999999998,24.475524475524477,85.0,82.0,165.0,1.0
579,700.0,6470.0,59.5,28.599999999999998,24.475524475524477,85.0,82.0,165.0,1.0
580,700.0,6470.0,59.5,28.599999999999998,24.475524475524477,85.0,82.0,165.0,1.0
581,700.0,6470.0,59.5,28.599999999999998,24.475524475524477,85.0,82.0,165.0,1.0
582,700.0,6470.0,59.5,28.599999999999998,24.475524475524477,85.0,82.0,165.0,1.0
583,700.0,6470.0,59.5,28.599999999999998,24.475524475524477,85.0,82.0,165.0,1.0
584,700.0,6470.0,59.5,28.599999999999998,24.475524475524477,85.0,82.0,165.0,1.0
585,700.0,6470.0,59.5,28.599999999999998,24.475524475524477,85.0,82.0,165.0,1.0
586,700.0,6470.0,59.5,28.599999999999998,24.475524475524477,85.0,82.0,165.0,1.0
587,700.0,6470.0,59.5,28.599999999999998,24.475524475524477,85.0,82.0,165.0,1.0
588,700.0,6470.0,59.5,28.599999999999998,24.475524475524477,85.0,82.0,165.0,1.0
589,700.0,6470.0,59.5,28.599999999999998,24.475524475524477,85.0,82.0,165.0,1.0
590,700.0,6470.0,59.5,28.599999999999998,24.475524475524477,85.0,82.0,165.0,1.0
591,700.0,6470.0,59.5,28.599999999999998,24.475524475524477,85.0,82.0,165.0,1.0
592,700.0,6470.0,59.5,28.599999999999998,24.475524475524477,85.0,82.0,165.0,1.0
593,700.0,6470.0,59.5,28.599999999999998,24.475524475524477,85.0,82.0,165.0,1.0
594,700.0,6470.0,59.5,28.599999999999998,24.475524475524477,85.0,82.0,165.0,1.0
595,700.0,6470.0,59.5,28.599999999999998,24.475524475524477,85.0,82.0,165.0,1.0
596,700.0,6470.0,59.5,28.599999999999998,24.475524475524477,85.0,82.0,165.0,1.0
597,700.0,6470.0,59.5,28.599999999999998,24.475524475524477,85.0,82.0,165.0,1.0
598,700.0,6470.0,59.5,28.599999999999998,24.475524475524477,85.0,82.0,165.0,1.0
599,700.0,6470.0,59.5,28.599999999999998,24.475524475524477,85.0,82.0,165.0,1.0
600,700.0,6470.0,59.5,28.599999999999998,24.475524475524477,85.0,82.0,165.0,1.0
